Metric,Mean
MAE,0.33273355640962127
RMSE,0.41791789368959603
Bias,0.0009223425700918836
